segment,num,min_Recency,avg_Recency,max_Recency,min_Frequency,avg_Frequency,max_Frequency,min_Monetary,avg_Monetary,max_Monetary
Champions,657,1,11.467275494672753,32,5,14.105022831050229,210,937.92,7819.1898782344015,279801.02
Loyal Customers,731,1,46.461012311901534,176,1,5.3584131326949365,63,487.35,2350.0314090287284,66336.6
Potential Loyalist,1375,1,32.194181818181754,72,1,1.9992727272727251,7,0.0,553.73761454545468,2024.45
Customers Needing Attention,340,72,112.11470588235298,178,1,2.2588235294117633,6,70.02,852.25429411764708,2020.52
About To Sleep,368,72,121.39945652173913,179,1,1.4157608695652177,4,0.0,250.14826086956512,477.91
At Risk,226,179,252.40265486725681,374,1,2.4247787610619471,34,260.0,1353.8837168141595,39619.5
Hibernating,642,179,273.88785046728935,374,1,1.1931464174454824,3,0.0,230.84691588785051,476.49